{"boost": 1.4083920142144328, "max_length": 898.0, "temperature": 1.0363851605596968, "top_p": 0.9234162834045857}