{"max_length": 933.0, "temperature": 1.1372511642618792, "top_p": 0.730212583566046}