{"boost": 0.19169097176227612, "max_length": 639.0, "temperature": 0.6073720101599442, "top_p": 0.9275859294389914}